Problem, Fortran result, Python result, Error, Fortran cstrv, Python cstrv, Error, Fortran nfev, Python nfev, Fresult.status
AIRCRFTA   , 0.0                    , 0.0                    , 0.00    , 8.61995381757491e-12   , 8.61995381757491e-12   , 0.00    , 33   , 33   , 0
AIRCRFTB   , 0.36027262356871653    , 0.36027262356871653    , 0.00    , 0.0                    , 0.0                    , 0.00    , 2500 , 2500 , 3
AKIVA      , 6.170773522073405      , 6.170773522073405      , 0.00    , 0.0                    , 0.0                    , 0.00    , 1000 , 1000 , 3
ALLINIT    , 16.705968432897922     , 16.705968432897922     , 0.00    , 0.0                    , 0.0                    , 0.00    , 85   , 85   , 0
ALLINITA   , 33.29662696801105      , 33.29662696801105      , 0.00    , 1.29867090414848e-08   , 1.29867090414848e-08   , 0.00    , 61   , 61   , 0
ALLINITC   , 30.49661795347201      , 30.49661795347201      , 0.00    , 1.007899408378421e-08  , 1.007899408378421e-08  , 0.00    , 46   , 46   , 0
ALLINITU   , 5.744384910324333      , 5.744384910324333      , 0.00    , 0.0                    , 0.0                    , 0.00    , 98   , 98   , 0
ALSOTAME   , 0.08208499862391111    , 0.08208499862391111    , 0.00    , 1.5010215292932116e-13 , 1.5010215292932116e-13 , 0.00    , 13   , 13   , 0
ARGAUSS    , 0.0                    , 0.0                    , 0.00    , 3.517346078718564e-05  , 3.517346078718564e-05  , 0.00    , 15   , 15   , 0
AVGASA     , -4.631925545270105     , -4.631925545270105     , -0.00   , 5.551106906001769e-17  , 5.551106906001769e-17  , 0.00    , 153  , 153  , 0
AVGASB     , -4.4832193648526735    , -4.4832193648526735    , -0.00   , 4.440892098500626e-16  , 4.440892098500626e-16  , 0.00    , 148  , 148  , 0
BARD       , 0.010314822865069531   , 0.010314822865069531   , 0.00    , 0.0                    , 0.0                    , 0.00    , 1500 , 1500 , 3
BARDNE     , 0.0                    , 0.0                    , 0.00    , 0.050816326530669365   , 0.050816326530669365   , 0.00    , 31   , 31   , 0
BEALE      , 1.852104547751497e-09  , 1.852104547751497e-09  , 0.00    , 0.0                    , 0.0                    , 0.00    , 735  , 735  , 0
BENNETT5   , 0.0                    , 0.0                    , 0.00    , 0.007660478826139183   , 0.007660478826139183   , 0.00    , 1500 , 1500 , 3
BENNETT5LS , 0.684541044282733      , 0.684541044282733      , 0.00    , 0.0                    , 0.0                    , 0.00    , 53   , 53   , 0
BIGGS3     , 1.0631133951128183e-08 , 1.0631133951128183e-08 , 0.00    , 0.0                    , 0.0                    , 0.00    , 1500 , 1500 , 3
BIGGS5     , 0.0037254020202865394  , 0.0037254020202865394  , 0.00    , 0.0                    , 0.0                    , 0.00    , 2500 , 2500 , 3
BIGGS6     , 0.009233751892945407   , 0.009233751892945407   , 0.00    , 0.0                    , 0.0                    , 0.00    , 3000 , 3000 , 3
BIGGS6NE   , 0.0                    , 0.0                    , 0.00    , 3.0298184655608296e-09 , 3.0298184655608296e-09 , 0.00    , 71   , 71   , 0
BIGGSC4    , -24.375                , -24.375                , -0.00   , 0.0                    , 0.0                    , 0.00    , 19   , 19   , 0
BOOTH      , 0.0                    , 0.0                    , 0.00    , 8.881784197001252e-16  , 8.881784197001252e-16  , 0.00    , 9    , 9    , 0
BOX2       , 5.846883652860379e-19  , 5.846883652860379e-19  , 0.00    , 0.0                    , 0.0                    , 0.00    , 34   , 34   , 0
BOX3       , 5.846883652860379e-19  , 5.846883652860379e-19  , 0.00    , 0.0                    , 0.0                    , 0.00    , 41   , 41   , 0
BOX3NE     , 0.0                    , 0.0                    , 0.00    , 3.174127159027984e-10  , 3.174127159027984e-10  , 0.00    , 14   , 14   , 0
BOXBOD     , 0.0                    , 0.0                    , 0.00    , 19.45872044064301      , 19.45872044064301      , 0.00    , 35   , 35   , 0
BOXBODLS   , 2706.7053209986425     , 2706.7053209986425     , 0.00    , 0.0                    , 0.0                    , 0.00    , 1000 , 1000 , 3
BRKMCC     , 0.16904267926782027    , 0.16904267926782027    , 0.00    , 0.0                    , 0.0                    , 0.00    , 240  , 240  , 0
BROWNBS    , 996487161510.3127      , 996487161510.3127      , 0.00    , 0.0                    , 0.0                    , 0.00    , 1000 , 1000 , 3
BROWNDEN   , 85822.20135313956      , 85822.20135313956      , 0.00    , 0.0                    , 0.0                    , 0.00    , 821  , 821  , 0
BROWNDENE  , 0.0                    , 0.0                    , 0.00    , 115.70643967925741     , 115.70643967925741     , 0.00    , 152  , 152  , 0
BT1        , -0.9839255863997494    , -0.9839255863997494    , -0.00   , 5.007552775215807e-10  , 5.007552775215807e-10  , 0.00    , 1000 , 1000 , 3
BT10       , -1.0000000000001457    , -1.0000000000001457    , -0.00   , 2.184918912462308e-13  , 2.184918912462308e-13  , 0.00    , 23   , 23   , 0
BT11       , 0.8248917775441493     , 0.8248917775441493     , 0.00    , 8.572899334868822e-11  , 8.572899334868822e-11  , 0.00    , 160  , 160  , 0
BT12       , 6.188118810425604      , 6.188118810425604      , 0.00    , 9.053202239837774e-09  , 9.053202239837774e-09  , 0.00    , 281  , 281  , 0
BT13       , -1.1684547475646606e-08, -1.1684547475646606e-08, -0.00   , 1.2413868567670141e-08 , 1.2413868567670141e-08 , 0.00    , 733  , 733  , 0
BT2        , 0.03256820039408809    , 0.03256820039408809    , 0.00    , 2.8332891588433995e-13 , 2.8332891588433995e-13 , 0.00    , 159  , 159  , 0
BT3        , 4.09302325581437       , 4.09302325581437       , 0.00    , 1.1102230246251565e-16 , 1.1102230246251565e-16 , 0.00    , 105  , 105  , 0
BT4        , -45.510550745652516    , -45.510550745652516    , -0.00   , 1.875001487405825e-09  , 1.875001487405825e-09  , 0.00    , 86   , 86   , 0
BT6        , 0.27704478842853564    , 0.27704478842853564    , 0.00    , 4.426459199180499e-13  , 4.426459199180499e-13  , 0.00    , 185  , 185  , 0
BT7        , 306.49999431504455     , 306.49999431504455     , 0.00    , 3.884431763290827e-09  , 3.884431763290827e-09  , 0.00    , 181  , 181  , 0
BT8        , 0.9999999961817733     , 0.9999999961817733     , 0.00    , 1.2139740305875072e-08 , 1.2139740305875072e-08 , 0.00    , 142  , 142  , 0
BT9        , -1.000000005686783     , -1.000000005686783     , -0.00   , 5.6577898813565485e-09 , 5.6577898813565485e-09 , 0.00    , 146  , 146  , 0
BYRDSPHR   , -4.683300133687232     , -4.683300133687232     , -0.00   , 7.49991979631659e-09   , 7.49991979631659e-09   , 0.00    , 81   , 81   , 0
CAMEL6     , -1.0316284534897109    , -1.0316284534897109    , -0.00   , 0.0                    , 0.0                    , 0.00    , 70   , 70   , 0
CANTILVR   , 1.3399563589493664     , 1.3399563589493664     , 0.00    , 3.870630996272162e-09  , 3.870630996272162e-09  , 0.00    , 187  , 187  , 0
CB2        , 1.9522244912137912     , 1.9522244912137912     , 0.00    , 4.621474314348006e-09  , 4.621474314348006e-09  , 0.00    , 92   , 92   , 0
CB3        , 1.9999999999998086     , 1.9999999999998086     , 0.00    , 3.6770586575585185e-13 , 3.6770586575585185e-13 , 0.00    , 27   , 27   , 0
CHACONN1   , 1.952224490848229      , 1.952224490848229      , 0.00    , 4.619454596621608e-09  , 4.619454596621608e-09  , 0.00    , 74   , 74   , 0
CHACONN2   , 2.000000000803364      , 2.000000000803364      , 0.00    , 0.0                    , 0.0                    , 0.00    , 28   , 28   , 0
CHWIRUT1   , 0.0                    , 0.0                    , 0.00    , 13.100003505803315     , 13.100003505803315     , 0.00    , 21   , 21   , 0
CHWIRUT1LS , 2610.6084708005064     , 2610.6084708005064     , 0.00    , 0.0                    , 0.0                    , 0.00    , 1500 , 1500 , 3
CHWIRUT2   , 0.0                    , 0.0                    , 0.00    , 8.550007574529019      , 8.550007574529019      , 0.00    , 31   , 31   , 0
CHWIRUT2LS , 627.5103290371579      , 627.5103290371579      , 0.00    , 0.0                    , 0.0                    , 0.00    , 1500 , 1500 , 3
CLIFF      , 0.20068728039814143    , 0.20068728039814143    , 0.00    , 0.0                    , 0.0                    , 0.00    , 1000 , 1000 , 3
CLUSTER    , 0.0                    , 0.0                    , 0.00    , 3.455543131680771e-11  , 3.455543131680771e-11  , 0.00    , 23   , 23   , 0
CONCON     , -6230.7955476904135    , -6230.7955476904135    , -0.00   , 3.0144826545009335e-09 , 3.0144826545009335e-09 , 0.00    , 1841 , 1841 , 0
CONGIGMZ   , 27.99999999627225      , 27.99999999627225      , 0.00    , 3.727762987182359e-09  , 3.727762987182359e-09  , 0.00    , 40   , 40   , 0
COOLHANS   , 0.0                    , 0.0                    , 0.00    , 6.654471028777323e-13  , 6.654471028777323e-13  , 0.00    , 526  , 526  , 0
CRESC100   , 12.344516657246785     , 12.344516657246785     , 0.00    , 0.0                    , 0.0                    , 0.00    , 3000 , 3000 , 3
CRESC132   , 22.027329882204143     , 22.027329882204143     , 0.00    , 0.0                    , 0.0                    , 0.00    , 3000 , 3000 , 3
CRESC4     , 2.2014732007195974     , 2.2014732007195974     , 0.00    , 2.369838850418249e-18  , 2.369838850418249e-18  , 0.00    , 3000 , 3000 , 3
CRESC50    , 2.4825387320290133     , 2.4825387320290133     , 0.00    , 0.0                    , 0.0                    , 0.00    , 3000 , 3000 , 3
CSFI1      , -49.07519859222229     , -49.07519859222229     , -0.00   , 1.1193520776942023e-08 , 1.1193520776942023e-08 , 0.00    , 105  , 105  , 0
CSFI2      , 55.01760720743365      , 55.01760720743365      , 0.00    , 7.934445989121741e-09  , 7.934445989121741e-09  , 0.00    , 130  , 130  , 0
CUBE       , 0.011249469195071457   , 0.011249469195071457   , 0.00    , 0.0                    , 0.0                    , 0.00    , 1000 , 1000 , 3
CUBENE     , 0.0                    , 0.0                    , 0.00    , 0.0                    , 0.0                    , 0.00    , 43   , 43   , 0
DANWOOD    , 0.0                    , 0.0                    , 0.00    , 0.03663810054155192    , 0.03663810054155192    , 0.00    , 20   , 20   , 0
DANWOODLS  , 0.138114157125975      , 0.138114157125975      , 0.00    , 0.0                    , 0.0                    , 0.00    , 1000 , 1000 , 3
DEGENLPA   , 4.591745425365873      , 4.591745425365873      , 0.00    , 2.54815467584966e-13   , 2.54815467584966e-13   , 0.00    , 83   , 83   , 0
DEGENLPB   , -30.731246817992613    , -30.731246817992613    , -0.00   , 2.872528603869995e-13  , 2.872528603869995e-13  , 0.00    , 97   , 97   , 0
DEMBO7     , 174.86529625946446     , 174.86529625946446     , 0.00    , 5.328243238335286e-11  , 5.328243238335286e-11  , 0.00    , 8000 , 8000 , 3
DEMYMALO   , -2.9999999999999996    , -2.9999999999999996    , -0.00   , 0.0                    , 0.0                    , 0.00    , 30   , 30   , 0
DENSCHNB   , 2.6945695224742453e-13 , 2.6945695224742453e-13 , 0.00    , 0.0                    , 0.0                    , 0.00    , 65   , 65   , 0
DENSCHNC   , 1.0258723343782074e-10 , 1.0258723343782074e-10 , 0.00    , 0.0                    , 0.0                    , 0.00    , 165  , 165  , 0
DENSCHND   , 4.736985431672521e-07  , 4.736985431672521e-07  , 0.00    , 0.0                    , 0.0                    , 0.00    , 1500 , 1500 , 3
DENSCHNE   , 3.8548206981663624e-13 , 3.8548206981663624e-13 , 0.00    , 0.0                    , 0.0                    , 0.00    , 323  , 323  , 0
DENSCHNF   , 3.500480714730578e-11  , 3.500480714730578e-11  , 0.00    , 0.0                    , 0.0                    , 0.00    , 54   , 54   , 0
DIPIGRI    , 680.630057374634       , 680.630057374634       , 0.00    , 4.5813297600005853e-11 , 4.5813297600005853e-11 , 0.00    , 417  , 417  , 0
DIXCHLNG   , 2471.9000558807024     , 2471.9000558807024     , 0.00    , 2.0647288323516477e-09 , 2.0647288323516477e-09 , 0.00    , 389  , 389  , 0
DJTL       , -8950.910668174563     , -8950.910668174563     , -0.00   , 0.0                    , 0.0                    , 0.00    , 1000 , 1000 , 3
DUALC1     , 6155.251686004852      , 6155.251686004852      , 0.00    , 2.9360577716497774e-24 , 2.9360577716497774e-24 , 0.00    , 190  , 190  , 0
DUALC2     , 3551.3063845622737     , 3551.3063845622737     , 0.00    , 3.2131266153824106e-22 , 3.2131266153824106e-22 , 0.00    , 116  , 116  , 0
DUALC5     , 427.23254727394436     , 427.23254727394436     , 0.00    , 1.1673796479837064e-08 , 1.1673796479837064e-08 , 0.00    , 176  , 176  , 0
DUALC8     , 18309.360566957563     , 18309.360566957563     , 0.00    , 9.287690237297924e-09  , 9.287690237297924e-09  , 0.00    , 170  , 170  , 0
ECKERLE4   , 0.0                    , 0.0                    , 0.00    , 0.013712801732086388   , 0.013712801732086388   , 0.00    , 68   , 68   , 0
ECKERLE4LS , 0.699695856485977      , 0.699695856485977      , 0.00    , 0.0                    , 0.0                    , 0.00    , 1500 , 1500 , 3
ELATTAR    , 51.47204869447854      , 51.47204869447854      , 0.00    , 0.0                    , 0.0                    , 0.00    , 3500 , 3500 , 3
ENGVAL2    , 0.0066521853170942065  , 0.0066521853170942065  , 0.00    , 0.0                    , 0.0                    , 0.00    , 1500 , 1500 , 3
ENSO       , 0.0                    , 0.0                    , 0.00    , 4.872796761247474      , 4.872796761247474      , 0.00    , 155  , 155  , 0
ENSOLS     , 788.5397866694871      , 788.5397866694871      , 0.00    , 0.0                    , 0.0                    , 0.00    , 2491 , 2491 , 0
EQC        , -829.5477053187723     , -829.5477053187723     , -0.00   , 8.326672684688674e-17  , 8.326672684688674e-17  , 0.00    , 30   , 30   , 0
ERRINBAR   , 203.48674841371607     , 203.48674841371607     , 0.00    , 3.4968691556686338     , 3.4968691556686338     , 0.00    , 9000 , 9000 , 3
EXPFIT     , 0.24051059462618385    , 0.24051059462618385    , 0.00    , 0.0                    , 0.0                    , 0.00    , 259  , 259  , 0
EXPFITA    , 0.001136611706167525   , 0.001136611706167525   , 0.00    , 7.105427357601002e-15  , 7.105427357601002e-15  , 0.00    , 118  , 118  , 0
EXPFITB    , 0.005019365520499348   , 0.005019365520499348   , 0.00    , 3.3306690738754696e-15 , 3.3306690738754696e-15 , 0.00    , 113  , 113  , 0
EXPFITC    , 0.02330257260645052    , 0.02330257260645052    , 0.00    , 0.0                    , 0.0                    , 0.00    , 138  , 138  , 0
EXTRASIM   , 1.0                    , 1.0                    , 0.00    , 0.0                    , 0.0                    , 0.00    , 10   , 10   , 0
FBRAIN     , 0.0                    , 0.0                    , 0.00    , 0.04787576461951498    , 0.04787576461951498    , 0.00    , 16   , 16   , 0
FBRAIN2    , 0.0                    , 0.0                    , 0.00    , 0.031128547346446538   , 0.031128547346446538   , 0.00    , 522  , 522  , 0
FBRAIN2LS  , 0.39207832626399236    , 0.39207832626399236    , 0.00    , 0.0                    , 0.0                    , 0.00    , 2000 , 2000 , 3
FBRAIN3    , 0.0                    , 0.0                    , 0.00    , 0.027822835134793777   , 0.027822835134793777   , 0.00    , 3000 , 3000 , 3
FBRAIN3LS  , 0.36640222953974183    , 0.36640222953974183    , 0.00    , 0.0                    , 0.0                    , 0.00    , 3000 , 3000 , 3
FBRAINLS   , 0.4948844132827409     , 0.4948844132827409     , 0.00    , 0.0                    , 0.0                    , 0.00    , 1000 , 1000 , 3
FCCU       , 11.149109141488331     , 11.149109141488331     , 0.00    , 3.552713678800501e-15  , 3.552713678800501e-15  , 0.00    , 594  , 594  , 0
FLETCHER   , 11.656854202187198     , 11.656854202187198     , 0.00    , 9.999189920506524e-09  , 9.999189920506524e-09  , 0.00    , 130  , 130  , 0
FLT        , 5.378712120506562e-05  , 5.378712120506562e-05  , 0.00    , 1.520961492941767e-14  , 1.520961492941767e-14  , 0.00    , 63   , 63   , 0
FREURONE   , 0.0                    , 0.0                    , 0.00    , 4.94895209510279       , 4.94895209510279       , 0.00    , 66   , 66   , 0
GAUSS1     , 0.0                    , 0.0                    , 0.00    , 6.3982592316549995     , 6.3982592316549995     , 0.00    , 678  , 678  , 0
GAUSS1LS   , 3552.649289380294      , 3552.649289380294      , 0.00    , 0.0                    , 0.0                    , 0.00    , 92   , 92   , 0
GAUSS2     , 0.0                    , 0.0                    , 0.00    , 5.539526323253131      , 5.539526323253131      , 0.00    , 159  , 159  , 0
GAUSS2LS   , 5155.796364986979      , 5155.796364986979      , 0.00    , 0.0                    , 0.0                    , 0.00    , 307  , 307  , 0
GAUSS3     , 0.0                    , 0.0                    , 0.00    , 5.420551209450949      , 5.420551209450949      , 0.00    , 220  , 220  , 0
GAUSS3LS   , 14723.692179276592     , 14723.692179276592     , 0.00    , 0.0                    , 0.0                    , 0.00    , 4000 , 4000 , 3
GAUSSIAN   , 1.1304050654009694e-08 , 1.1304050654009694e-08 , 0.00    , 0.0                    , 0.0                    , 0.00    , 267  , 267  , 0
GBRAIN     , 0.0                    , 0.0                    , 0.00    , 0.3285258575483354     , 0.3285258575483354     , 0.00    , 17   , 17   , 0
GBRAINLS   , 31.639378435784558     , 31.639378435784558     , 0.00    , 0.0                    , 0.0                    , 0.00    , 1000 , 1000 , 3
GENHS28    , 0.9271827220986375     , 0.9271827220986375     , 0.00    , 2.220446049250313e-16  , 2.220446049250313e-16  , 0.00    , 129  , 129  , 0
GIGOMEZ1   , -2.999999999999996     , -2.999999999999996     , -0.00   , 0.0                    , 0.0                    , 0.00    , 24   , 24   , 0
GIGOMEZ2   , 1.9522244909024595     , 1.9522244909024595     , 0.00    , 4.619804760963575e-09  , 4.619804760963575e-09  , 0.00    , 85   , 85   , 0
GIGOMEZ3   , 1.9999999999999987     , 1.9999999999999987     , 0.00    , 2.6645352591003757e-15 , 2.6645352591003757e-15 , 0.00    , 25   , 25   , 0
GOTTFR     , 0.0                    , 0.0                    , 0.00    , 4.27467727881492e-10   , 4.27467727881492e-10   , 0.00    , 14   , 14   , 0
GROWTH     , 0.0                    , 0.0                    , 0.00    , 0.4409413035711687     , 0.4409413035711687     , 0.00    , 686  , 686  , 0
GROWTHLS   , 14.197523033483348     , 14.197523033483348     , 0.00    , 0.0                    , 0.0                    , 0.00    , 1500 , 1500 , 3
GULF       , 6.267728684025267      , 6.267728684025267      , 0.00    , 0.0                    , 0.0                    , 0.00    , 1500 , 1500 , 3
GULFNE     , 0.0                    , 0.0                    , 0.00    , 0.029037560460857925   , 0.029037560460857925   , 0.00    , 84   , 84   , 0
HAHN1      , 0.0                    , 0.0                    , 0.00    , 7.903071395717545      , 7.903071395717545      , 0.00    , 77   , 77   , 0
HAHN1LS    , 5271.868589886393      , 5271.868589886393      , 0.00    , 0.0                    , 0.0                    , 0.00    , 67   , 67   , 0
HAIFAS     , -0.45000001318128324   , -0.45000001318128324   , -0.00   , 1.3456683714552555e-08 , 1.3456683714552555e-08 , 0.00    , 287  , 287  , 0
HAIRY      , 20.000000000325755     , 20.000000000325755     , 0.00    , 0.0                    , 0.0                    , 0.00    , 90   , 90   , 0
HALDMADS   , 0.00012237099686381107 , 0.00012237099686381107 , 0.00    , 3.61577434659921e-12   , 3.61577434659921e-12   , 0.00    , 62   , 62   , 0
HART6      , -3.3228868915570007    , -3.3228868915570007    , -0.00   , 0.0                    , 0.0                    , 0.00    , 209  , 209  , 0
HATFLDA    , 1.6411188694437973e-07 , 1.6411188694437973e-07 , 0.00    , 0.0                    , 0.0                    , 0.00    , 2000 , 2000 , 3
HATFLDB    , 0.00557280900512232    , 0.00557280900512232    , 0.00    , 0.0                    , 0.0                    , 0.00    , 329  , 329  , 0
HATFLDD    , 0.0014731196825665605  , 0.0014731196825665605  , 0.00    , 0.0                    , 0.0                    , 0.00    , 1500 , 1500 , 3
HATFLDE    , 0.0046816426137926605  , 0.0046816426137926605  , 0.00    , 0.0                    , 0.0                    , 0.00    , 1500 , 1500 , 3
HATFLDF    , 0.0                    , 0.0                    , 0.00    , 6.851463840717997e-14  , 6.851463840717997e-14  , 0.00    , 123  , 123  , 0
HATFLDFL   , 6.656493180111125e-05  , 6.656493180111125e-05  , 0.00    , 0.0                    , 0.0                    , 0.00    , 156  , 156  , 0
HATFLDH    , -24.374999999999996    , -24.374999999999996    , -0.00   , 0.0                    , 0.0                    , 0.00    , 20   , 20   , 0
HEART6     , 0.0                    , 0.0                    , 0.00    , 2.0605739337042905e-13 , 2.0605739337042905e-13 , 0.00    , 1808 , 1808 , 0
HEART6LS   , 8.24858224813558       , 8.24858224813558       , 0.00    , 0.0                    , 0.0                    , 0.00    , 3000 , 3000 , 3
HEART8     , 0.0                    , 0.0                    , 0.00    , 7.105427357601002e-15  , 7.105427357601002e-15  , 0.00    , 1217 , 1217 , 0
HEART8LS   , 1.4181245230979846     , 1.4181245230979846     , 0.00    , 0.0                    , 0.0                    , 0.00    , 4000 , 4000 , 3
HELIX      , 3.272203026880364e-06  , 3.272203026880364e-06  , 0.00    , 0.0                    , 0.0                    , 0.00    , 1500 , 1500 , 3
HELIXNE    , 0.0                    , 0.0                    , 0.00    , 1.0426623005503126e-11 , 1.0426623005503126e-11 , 0.00    , 34   , 34   , 0
HET-Z      , 0.9999980000553024     , 0.9999980000553024     , 0.00    , 0.0                    , 0.0                    , 0.00    , 14   , 14   , 0
HIELOW     , 933.4139380419493      , 933.4139380419493      , 0.00    , 0.0                    , 0.0                    , 0.00    , 1500 , 1500 , 3
HILBERTA   , 2.784356174323199e-12  , 2.784356174323199e-12  , 0.00    , 0.0                    , 0.0                    , 0.00    , 161  , 161  , 0
HILBERTB   , 2.440616690682895e-12  , 2.440616690682895e-12  , 0.00    , 0.0                    , 0.0                    , 0.00    , 286  , 286  , 0
HIMMELBA   , 0.0                    , 0.0                    , 0.00    , 0.0                    , 0.0                    , 0.00    , 9    , 9    , 0
HIMMELBC   , 0.0                    , 0.0                    , 0.00    , 1.7763568394002505e-15 , 1.7763568394002505e-15 , 0.00    , 18   , 18   , 0
HIMMELBD   , 0.0                    , 0.0                    , 0.00    , 2.421306136054515      , 2.421306136054515      , 0.00    , 66   , 66   , 0
HIMMELBE   , 0.0                    , 0.0                    , 0.00    , 0.0                    , 0.0                    , 0.00    , 15   , 15   , 0
HIMMELBF   , 885.379842556993       , 885.379842556993       , 0.00    , 0.0                    , 0.0                    , 0.00    , 2000 , 2000 , 3
HIMMELBG   , 5.361100772323128e-13  , 5.361100772323128e-13  , 0.00    , 0.0                    , 0.0                    , 0.00    , 60   , 60   , 0
HIMMELBH   , -0.9999999999997446    , -0.9999999999997446    , -0.00   , 0.0                    , 0.0                    , 0.00    , 72   , 72   , 0
HIMMELP1   , -51.7378463582927      , -51.7378463582927      , -0.00   , 0.0                    , 0.0                    , 0.00    , 61   , 61   , 0
HIMMELP2   , -62.05393553382589     , -62.05393553382589     , -0.00   , 0.0                    , 0.0                    , 0.00    , 83   , 83   , 0
HIMMELP3   , -59.01317776912174     , -59.01317776912174     , -0.00   , 0.0                    , 0.0                    , 0.00    , 19   , 19   , 0
HIMMELP4   , -59.01317776912174     , -59.01317776912174     , -0.00   , 0.0                    , 0.0                    , 0.00    , 20   , 20   , 0
HIMMELP5   , -59.01317776912174     , -59.01317776912174     , -0.00   , 0.0                    , 0.0                    , 0.00    , 22   , 22   , 0
HIMMELP6   , -59.01317776912174     , -59.01317776912174     , -0.00   , 0.0                    , 0.0                    , 0.00    , 24   , 24   , 0
HONG       , 22.571087363549214     , 22.571087363549214     , 0.00    , 0.0                    , 0.0                    , 0.00    , 86   , 86   , 0
HS1        , 0.014236464990845877   , 0.014236464990845877   , 0.00    , 0.0                    , 0.0                    , 0.00    , 1000 , 1000 , 3
HS10       , -1.0000000014785269    , -1.0000000014785269    , -0.00   , 3.750422306048051e-09  , 3.750422306048051e-09  , 0.00    , 87   , 87   , 0
HS100      , 680.6300573744186      , 680.6300573744186      , 0.00    , 1.3812950783176348e-11 , 1.3812950783176348e-11 , 0.00    , 494  , 494  , 0
HS100LNP   , 680.6300573744146      , 680.6300573744146      , 0.00    , 2.3419488570652902e-11 , 2.3419488570652902e-11 , 0.00    , 382  , 382  , 0
HS100MOD   , 678.6796378870499      , 678.6796378870499      , 0.00    , 5.243805389909539e-09  , 5.243805389909539e-09  , 0.00    , 291  , 291  , 0
HS101      , 1810.9721677773778     , 1810.9721677773778     , 0.00    , 0.0                    , 0.0                    , 0.00    , 3500 , 3500 , 3
HS102      , 3000.076360741547      , 3000.076360741547      , 0.00    , 0.07636220156756568    , 0.07636220156756568    , 0.00    , 3500 , 3500 , 3
HS103      , 3000.2102326770078     , 3000.2102326770078     , 0.00    , 0.21023382818340428    , 0.21023382818340428    , 0.00    , 3500 , 3500 , 3
HS104      , 3.9511633798338273     , 3.9511633798338273     , 0.00    , 9.32302749698707e-09   , 9.32302749698707e-09   , 0.00    , 3494 , 3494 , 0
HS105      , 1062.0117612847187     , 1062.0117612847187     , 0.00    , 0.0                    , 0.0                    , 0.00    , 4000 , 4000 , 3
HS106      , 6403.84461691428       , 6403.84461691428       , 0.00    , 0.07250389269029256    , 0.07250389269029256    , 0.00    , 4000 , 4000 , 3
HS107      , 5055.011797825531      , 5055.011797825531      , 0.00    , 2.0773698317100298e-09 , 2.0773698317100298e-09 , 0.00    , 127  , 127  , 0
HS108      , -0.8660254047017132    , -0.8660254047017132    , -0.00   , 1.5396028896219605e-09 , 1.5396028896219605e-09 , 0.00    , 252  , 252  , 0
HS109      , -111.57243927624917    , -111.57243927624917    , -0.00   , 38560.53255599182      , 38560.53255599182      , 0.00    , 4500 , 4500 , 3
HS11       , -8.498464230059602     , -8.498464230059602     , -0.00   , 2.8177220556813154e-09 , 2.8177220556813154e-09 , 0.00    , 70   , 70   , 0
HS110      , -45.778475531884865    , -45.7784755318843      , -0.00   , 0.0                    , 0.0                    , 0.00    , 228  , 265  , 0
HS111      , -47.76109083484443     , -47.76109083484443     , -0.00   , 2.544230104373213e-11  , 2.544230104373213e-11  , 0.00    , 5000 , 5000 , 3
HS111LNP   , -47.761091063897       , -47.761091063897       , -0.00   , 1.2907698493380693e-08 , 1.2907698493380693e-08 , 0.00    , 5000 , 5000 , 3
HS112      , -47.71663324635484     , -47.71663324635484     , -0.00   , 1.1102230246251565e-16 , 1.1102230246251565e-16 , 0.00    , 171  , 171  , 0
HS113      , 24.306209068181655     , 24.306209068181655     , 0.00    , 5.115907697472721e-13  , 5.115907697472721e-13  , 0.00    , 278  , 278  , 0
HS114      , -1634.2809767930557    , -1634.2809767930557    , -0.00   , 2.842170943040401e-14  , 2.842170943040401e-14  , 0.00    , 999  , 999  , 0
HS116      , 118.97425136644837     , 118.97425136644837     , 0.00    , 9.270415174885203e-09  , 9.270415174885203e-09  , 0.00    , 6500 , 6500 , 3
HS117      , 32.348678965728865     , 32.348678965728865     , 0.00    , 3.049782648645305e-13  , 3.049782648645305e-13  , 0.00    , 1499 , 1499 , 0
HS118      , 664.8204499999993      , 664.8204499999993      , 0.00    , 4.263256414560601e-14  , 4.263256414560601e-14  , 0.00    , 83   , 83   , 0
HS119      , 244.89969751680334     , 244.89969751680334     , 0.00    , 4.440892098500626e-16  , 4.440892098500626e-16  , 0.00    , 288  , 288  , 0
HS12       , -30.00000000122298     , -30.00000000122298     , -0.00   , 2.5688748905849934e-09 , 2.5688748905849934e-09 , 0.00    , 62   , 62   , 0
HS13       , 1.0000009773373966     , 1.0000009773373966     , 0.00    , 1.2564712928227616e-22 , 1.2564712928227616e-22 , 0.00    , 75   , 75   , 0
HS14       , 1.3934649806418395     , 1.3934649806418395     , 0.00    , 2.570288426539946e-11  , 2.570288426539946e-11  , 0.00    , 15   , 15   , 0
HS15       , 306.4999999128419      , 306.4999999128419      , 0.00    , 1.2451162323401377e-10 , 1.2451162323401377e-10 , 0.00    , 21   , 21   , 0
HS16       , 23.144660975101118     , 23.144660975101118     , 0.00    , 0.0                    , 0.0                    , 0.00    , 14   , 14   , 0
HS17       , 0.9999999999786774     , 0.9999999999786774     , 0.00    , 4.7749575873117735e-09 , 4.7749575873117735e-09 , 0.00    , 35   , 35   , 0
HS18       , 4.99999999956311       , 4.99999999956311       , 0.00    , 3.4653027114472934e-09 , 3.4653027114472934e-09 , 0.00    , 65   , 65   , 0
HS19       , -6961.813875580135     , -6961.813875580135     , -0.00   , 0.0                    , 0.0                    , 0.00    , 38   , 38   , 0
HS2        , 4.941229318024095      , 4.941229318024095      , 0.00    , 0.0                    , 0.0                    , 0.00    , 42   , 42   , 0
HS20       , 40.19872981077604      , 40.19872981077604      , 0.00    , 2.853273173286652e-14  , 2.853273173286652e-14  , 0.00    , 15   , 15   , 0
HS21       , -99.96                 , -99.96                 , -0.00   , 0.0                    , 0.0                    , 0.00    , 34   , 34   , 0
HS21MOD    , -95.96                 , -95.96                 , -0.00   , 0.0                    , 0.0                    , 0.00    , 81   , 81   , 0
HS22       , 1.0000000000000036     , 1.0000000000000036     , 0.00    , 4.440892098500626e-16  , 4.440892098500626e-16  , 0.00    , 19   , 19   , 0
HS23       , 2.0000000017670727     , 2.0000000017670727     , 0.00    , 0.0                    , 0.0                    , 0.00    , 22   , 22   , 0
HS24       , -1.0000000826919648    , -1.0000000826919648    , -0.00   , 0.0                    , 0.0                    , 0.00    , 10   , 10   , 0
HS25       , 1.3629384448866604     , 1.3629384448866604     , 0.00    , 0.0                    , 0.0                    , 0.00    , 1500 , 1500 , 3
HS26       , 2.0117861896751436e-08 , 2.0117861896751436e-08 , 0.00    , 2.6467050773248957e-11 , 2.6467050773248957e-11 , 0.00    , 1500 , 1500 , 3
HS268      , 2.2139807428320637     , 2.2139807428320637     , 0.00    , 0.0                    , 0.0                    , 0.00    , 2500 , 2500 , 3
HS27       , 0.039999999999920544   , 0.039999999999920544   , 0.00    , 4.23221484457637e-11   , 4.23221484457637e-11   , 0.00    , 805  , 805  , 0
HS28       , 1.0401675481935155e-14 , 1.0401675481935155e-14 , 0.00    , 0.0                    , 0.0                    , 0.00    , 96   , 96   , 0
HS29       , -22.62741700345932     , -22.62741700345932     , -0.00   , 9.463470007631258e-09  , 9.463470007631258e-09  , 0.00    , 100  , 100  , 0
HS3        , 3.4052170504073325e-13 , 3.4052170504073325e-13 , 0.00    , 0.0                    , 0.0                    , 0.00    , 27   , 27   , 0
HS30       , 1.000000000002668      , 1.000000000002668      , 0.00    , 0.0                    , 0.0                    , 0.00    , 77   , 77   , 0
HS31       , 5.999999982263959      , 5.999999982263959      , 0.00    , 4.570218981037044e-09  , 4.570218981037044e-09  , 0.00    , 86   , 86   , 0
HS32       , 1.0                    , 1.0                    , 0.00    , 9.840662800703482e-21  , 9.840662800703482e-21  , 0.00    , 20   , 20   , 0
HS33       , -4.585786437626904     , -4.585786437626904     , -0.00   , 0.0                    , 0.0                    , 0.00    , 32   , 32   , 0
HS34       , -0.8340324452479582    , -0.8340324452479582    , -0.00   , 5.329070518200751e-15  , 5.329070518200751e-15  , 0.00    , 28   , 28   , 0
HS35       , 0.111111111111722      , 0.111111111111722      , 0.00    , 0.0                    , 0.0                    , 0.00    , 86   , 86   , 0
HS35I      , 0.111111111111722      , 0.111111111111722      , 0.00    , 0.0                    , 0.0                    , 0.00    , 86   , 86   , 0
HS35MOD    , 0.25                   , 0.25                   , 0.00    , 0.0                    , 0.0                    , 0.00    , 34   , 34   , 0
HS36       , -3299.999999999999     , -3299.999999999999     , -0.00   , 0.0                    , 0.0                    , 0.00    , 20   , 20   , 0
HS37       , -3456.000000000001     , -3456.000000000001     , -0.00   , 0.0                    , 0.0                    , 0.00    , 90   , 90   , 0
HS38       , 7.637443873107534      , 7.637443873107534      , 0.00    , 0.0                    , 0.0                    , 0.00    , 2000 , 2000 , 3
HS39       , -1.000000005686783     , -1.000000005686783     , -0.00   , 5.6577898813565485e-09 , 5.6577898813565485e-09 , 0.00    , 146  , 146  , 0
HS3MOD     , 4.089468459443429e-14  , 4.089468459443429e-14  , 0.00    , 0.0                    , 0.0                    , 0.00    , 77   , 77   , 0
HS4        , 2.666666664            , 2.666666664            , 0.00    , 0.0                    , 0.0                    , 0.00    , 10   , 10   , 0
HS40       , -0.25000000154939434   , -0.25000000154939434   , -0.00   , 7.597619033905545e-09  , 7.597619033905545e-09  , 0.00    , 82   , 82   , 0
HS41       , 1.9259259259259345     , 1.9259259259259345     , 0.00    , 2.220446049250313e-16  , 2.220446049250313e-16  , 0.00    , 81   , 81   , 0
HS42       , 13.8578643700655       , 13.8578643700655       , 0.00    , 5.725128371381061e-09  , 5.725128371381061e-09  , 0.00    , 110  , 110  , 0
HS43       , -44.000000011807266    , -44.000000011807266    , -0.00   , 4.0251952881931174e-09 , 4.0251952881931174e-09 , 0.00    , 109  , 109  , 0
HS44       , -15.0                  , -15.0                  , -0.00   , 1.5766590820375744e-17 , 1.5766590820375744e-17 , 0.00    , 23   , 23   , 0
HS44NEW    , -15.0                  , -15.0                  , -0.00   , 0.0                    , 0.0                    , 0.00    , 19   , 19   , 0
HS45       , 1.0000000004           , 1.0000000004           , 0.00    , 0.0                    , 0.0                    , 0.00    , 26   , 26   , 0
HS46       , 9.110617542747234e-07  , 9.110617542747234e-07  , 0.00    , 1.3620372607547893e-09 , 1.3620372607547893e-09 , 0.00    , 2500 , 2500 , 3
HS47       , 1.30080076710692e-09   , 1.30080076710692e-09   , 0.00    , 2.039590718538875e-12  , 2.039590718538875e-12  , 0.00    , 1359 , 1359 , 0
HS48       , 2.4076629560869293e-12 , 2.4076629560869293e-12 , 0.00    , 8.881784197001252e-16  , 8.881784197001252e-16  , 0.00    , 126  , 126  , 0
HS49       , 5.2915272548080974e-06 , 5.2915272548080974e-06 , 0.00    , 0.0                    , 0.0                    , 0.00    , 2500 , 2500 , 3
HS5        , -1.9132229549805313    , -1.9132229549805313    , -0.00   , 0.0                    , 0.0                    , 0.00    , 57   , 57   , 0
HS50       , 4.919755075054164e-13  , 4.919755075054164e-13  , 0.00    , 8.881784197001252e-16  , 8.881784197001252e-16  , 0.00    , 154  , 154  , 0
HS51       , 2.6082197118214614e-13 , 2.6082197118214614e-13 , 0.00    , 2.220446049250313e-16  , 2.220446049250313e-16  , 0.00    , 96   , 96   , 0
HS52       , 5.326647564545302      , 5.326647564545302      , 0.00    , 2.7755575615628914e-17 , 2.7755575615628914e-17 , 0.00    , 172  , 172  , 0
HS53       , 4.09302325581405       , 4.09302325581405       , 0.00    , 1.1102230246251565e-16 , 1.1102230246251565e-16 , 0.00    , 90   , 90   , 0
HS54       , -0.1539790077340626    , -0.1539790077340626    , -0.00   , 0.0                    , 0.0                    , 0.00    , 82   , 82   , 0
HS55       , 6.666666666666667      , 6.666666666666667      , 0.00    , 8.881784197001252e-16  , 8.881784197001252e-16  , 0.00    , 26   , 26   , 0
HS56       , -3.4560000011102447    , -3.4560000011102447    , -0.00   , 6.83309142601729e-09   , 6.83309142601729e-09   , 0.00    , 544  , 544  , 0
HS57       , 0.030646319844124605   , 0.030646319844124605   , 0.00    , 0.0                    , 0.0                    , 0.00    , 41   , 41   , 0
HS59       , -7.802789403937213     , -7.802789403937213     , -0.00   , 3.681179805425927e-09  , 3.681179805425927e-09  , 0.00    , 67   , 67   , 0
HS6        , 6.719569297825384e-15  , 6.719569297825384e-15  , 0.00    , 1.5020207300153743e-10 , 1.5020207300153743e-10 , 0.00    , 51   , 51   , 0
HS60       , 0.03256820028601623    , 0.03256820028601623    , 0.00    , 1.5341061754270413e-12 , 1.5341061754270413e-12 , 0.00    , 78   , 78   , 0
HS61       , -81.91909609513321     , -81.91909609513321     , -0.00   , 6.610445524302122e-10  , 6.610445524302122e-10  , 0.00    , 81   , 81   , 0
HS62       , -26272.5146470247      , -26272.5146470247      , -0.00   , 0.0                    , 0.0                    , 0.00    , 362  , 362  , 0
HS63       , 961.7151721281875      , 961.7151721281875      , 0.00    , 1.8749766184100736e-09 , 1.8749766184100736e-09 , 0.00    , 87   , 87   , 0
HS64       , 6299.842412880226      , 6299.842412880226      , 0.00    , 6.59982296591366e-09   , 6.59982296591366e-09   , 0.00    , 169  , 169  , 0
HS65       , 0.953528855367757      , 0.953528855367757      , 0.00    , 1.466633747781998e-08  , 1.466633747781998e-08  , 0.00    , 102  , 102  , 0
HS66       , 0.5181632727830466     , 0.5181632727830466     , 0.00    , 4.566252709281571e-09  , 4.566252709281571e-09  , 0.00    , 70   , 70   , 0
HS68       , -0.9204101858789134    , -0.9204101858789134    , -0.00   , 3.6950720261330616e-10 , 3.6950720261330616e-10 , 0.00    , 2000 , 2000 , 3
HS7        , -1.7320508076737495    , -1.7320508076737495    , -0.00   , 3.99998256739309e-10   , 3.99998256739309e-10   , 0.00    , 71   , 71   , 0
HS70       , 0.2690861852486161     , 0.2690861852486161     , 0.00    , 8.015053065690836e-10  , 8.015053065690836e-10  , 0.00    , 71   , 71   , 0
HS71       , 17.01401728817721      , 17.01401728817721      , 0.00    , 1.8750361263641935e-09 , 1.8750361263641935e-09 , 0.00    , 120  , 120  , 0
HS72       , 727.6791802684454      , 727.6791802684454      , 0.00    , 9.59813380770752e-09   , 9.59813380770752e-09   , 0.00    , 327  , 327  , 0
HS73       , 29.89437816317189      , 29.89437816317189      , 0.00    , 4.9072215607930255e-22 , 4.9072215607930255e-22 , 0.00    , 22   , 22   , 0
HS74       , 5126.498109897566      , 5126.498109897566      , 0.00    , 1.1290406831676592e-08 , 1.1290406831676592e-08 , 0.00    , 159  , 159  , 0
HS75       , 5174.412695641726      , 5174.412695641726      , 0.00    , 4.3787196091216174e-13 , 4.3787196091216174e-13 , 0.00    , 88   , 88   , 0
HS76       , -4.681818181817892     , -4.681818181817892     , -0.00   , 5.421010862427522e-23  , 5.421010862427522e-23  , 0.00    , 88   , 88   , 0
HS76I      , -4.681818181817892     , -4.681818181817892     , -0.00   , 5.421010862427522e-23  , 5.421010862427522e-23  , 0.00    , 88   , 88   , 0
HS77       , 0.2415051283087972     , 0.2415051283087972     , 0.00    , 1.4992451724538114e-12 , 1.4992451724538114e-12 , 0.00    , 214  , 214  , 0
HS78       , -2.9197004090473686    , -2.9197004090473686    , -0.00   , 1.240879621278168e-10  , 1.240879621278168e-10  , 0.00    , 124  , 124  , 0
HS79       , 0.07877682098728211    , 0.07877682098728211    , 0.00    , 4.3720582709738665e-13 , 4.3720582709738665e-13 , 0.00    , 104  , 104  , 0
HS8        , -1.0                   , -1.0                   , -0.00   , 1.1235457009206584e-13 , 1.1235457009206584e-13 , 0.00    , 15   , 15   , 0
HS80       , 0.053949847761852854   , 0.053949847761852854   , 0.00    , 7.238273314058574e-10  , 7.238273314058574e-10  , 0.00    , 134  , 134  , 0
HS83       , -30665.538671783306    , -30665.538671783306    , -0.00   , 0.0                    , 0.0                    , 0.00    , 36   , 36   , 0
HS84       , -5280335.079198179     , -5280335.079198179     , -0.00   , 1.1641532182693481e-10 , 1.1641532182693481e-10 , 0.00    , 32   , 32   , 0
HS85       , -2.215604688476282     , -2.215604688476282     , -0.00   , 5.684341886080802e-14  , 5.684341886080802e-14  , 0.00    , 45   , 45   , 0
HS86       , -32.34867896572227     , -32.34867896572227     , -0.00   , 0.0                    , 0.0                    , 0.00    , 81   , 81   , 0
HS87       , 8996.881026604726      , 8996.881026604726      , 0.00    , 1.2964257261881096e-12 , 1.2964257261881096e-12 , 0.00    , 200  , 200  , 0
HS88       , 1.3626502251796233     , 1.3626502251796233     , 0.00    , 8.822988650106028e-09  , 8.822988650106028e-09  , 0.00    , 151  , 151  , 0
HS89       , 1.3626451537619035     , 1.3626451537619035     , 0.00    , 1.104449660084539e-08  , 1.104449660084539e-08  , 0.00    , 281  , 281  , 0
HS9        , -0.4999999999999995    , -0.4999999999999995    , -0.00   , 1.7763568394002505e-15 , 1.7763568394002505e-15 , 0.00    , 42   , 42   , 0
HS90       , 1.362648281096731      , 1.362648281096731      , 0.00    , 8.815662938183098e-09  , 8.815662938183098e-09  , 0.00    , 1685 , 1685 , 0
HS91       , 1.3626641188199062     , 1.3626641188199062     , 0.00    , 8.822004249543118e-09  , 8.822004249543118e-09  , 0.00    , 2500 , 2500 , 3
HS92       , 1.362641880130116      , 1.362641880130116      , 0.00    , 1.490098172015643e-08  , 1.490098172015643e-08  , 0.00    , 2474 , 2474 , 0
HS93       , 135.07596925568015     , 135.07596925568015     , 0.00    , 1.0736364646074526e-09 , 1.0736364646074526e-09 , 0.00    , 3000 , 3000 , 3
HS95       , 0.015619525242393854   , 0.015619525242393854   , 0.00    , 0.0                    , 0.0                    , 0.00    , 27   , 27   , 0
HS96       , 0.015619525242393854   , 0.015619525242393854   , 0.00    , 0.0                    , 0.0                    , 0.00    , 27   , 27   , 0
HS97       , 4.071246356513221      , 4.071246356513221      , 0.00    , 2.6962671608384e-15    , 2.6962671608384e-15    , 0.00    , 90   , 90   , 0
HS98       , 4.071246356513221      , 4.071246356513221      , 0.00    , 2.7056267184999924e-15 , 2.7056267184999924e-15 , 0.00    , 47   , 47   , 0
HS99       , -831079891.3531996     , -831079891.3531996     , -0.00   , 4.656612873077393e-10  , 4.656612873077393e-10  , 0.00    , 836  , 836  , 0
HUBFIT     , 0.016893493939398714   , 0.016893493939398714   , 0.00    , 0.0                    , 0.0                    , 0.00    , 42   , 42   , 0
HUMPS      , 0.271692660681852      , 0.271692660681852      , 0.00    , 0.0                    , 0.0                    , 0.00    , 1000 , 1000 , 3
HYPCIR     , 0.0                    , 0.0                    , 0.00    , 6.257883100602157e-11  , 6.257883100602157e-11  , 0.00    , 14   , 14   , 0
INTEQNE    , 0.0                    , 0.0                    , 0.00    , 1.1899801123065486e-16 , 1.1899801123065486e-16 , 0.00    , 63   , 63   , 0
JENSMP     , 245.5097053022826      , 245.5097053022826      , 0.00    , 0.0                    , 0.0                    , 0.00    , 1000 , 1000 , 3
JENSMPNE   , 0.0                    , 0.0                    , 0.00    , 4.693376137742932      , 4.693376137742932      , 0.00    , 59   , 59   , 0
KIRBY2     , 0.0                    , 0.0                    , 0.00    , 0.3247954040282792     , 0.3247954040282792     , 0.00    , 431  , 431  , 0
KIRBY2LS   , 1067.9706707179575     , 1067.9706707179575     , 0.00    , 0.0                    , 0.0                    , 0.00    , 45   , 45   , 0
KIWCRESC   , -9.240327366129015e-10 , -9.240327366129015e-10 , -0.00   , 1.8749840569043386e-09 , 1.8749840569043386e-09 , 0.00    , 78   , 78   , 0
KOEBHELB   , 112.23228919514905     , 112.23304984281278     , 0.00    , 0.0                    , 0.0                    , 0.00    , 1500 , 1500 , 3
KOWOSB     , 0.00034700028730681916 , 0.00034700028730681916 , 0.00    , 0.0                    , 0.0                    , 0.00    , 2000 , 2000 , 3
KOWOSBNE   , 0.0                    , 0.0                    , 0.00    , 0.008084368386043324   , 0.008084368386043324   , 0.00    , 39   , 39   , 0
KSIP       , 0.5757979235507544     , 0.5757979235507544     , 0.00    , 1.3694114953111125e-08 , 1.3694114953111125e-08 , 0.00    , 750  , 750  , 0
LANCZOS1   , 0.0                    , 0.0                    , 0.00    , 2.6246195598822464e-09 , 2.6246195598822464e-09 , 0.00    , 507  , 507  , 0
LANCZOS1LS , 0.001438579472562677   , 0.001438579472562677   , 0.00    , 0.0                    , 0.0                    , 0.00    , 3000 , 3000 , 3
LANCZOS2   , 0.0                    , 0.0                    , 0.00    , 2.5616923711169193e-06 , 2.5616923711169193e-06 , 0.00    , 741  , 741  , 0
LANCZOS2LS , 0.0014781514972468002  , 0.0014781514972468002  , 0.00    , 0.0                    , 0.0                    , 0.00    , 3000 , 3000 , 3
LANCZOS3   , 0.0                    , 0.0                    , 0.00    , 3.8970466907151113e-05 , 3.8970466907151113e-05 , 0.00    , 3000 , 3000 , 3
LANCZOS3LS , 0.001474893581124513   , 0.001474893581124513   , 0.00    , 0.0                    , 0.0                    , 0.00    , 3000 , 3000 , 3
LEWISPOL   , 2.1740981202273453     , 2.1740981202273453     , 0.00    , 3.011805242536525e-05  , 3.011805242536525e-05  , 0.00    , 55   , 55   , 0
LIN        , -0.020175818254486055  , -0.020175818254486055  , -0.00   , 0.0                    , 0.0                    , 0.00    , 904  , 904  , 0
LOGHAIRY   , 6.007577226484713      , 6.007577226484713      , 0.00    , 0.0                    , 0.0                    , 0.00    , 1000 , 1000 , 3
LOGROS     , 0.0                    , 0.0                    , 0.00    , 0.0                    , 0.0                    , 0.00    , 34   , 34   , 0
LOOTSMA    , -8.9998777866624       , -8.9998777866624       , -0.00   , 1.000000000001         , 1.000000000001         , 0.00    , 89   , 89   , 0
LOTSCHD    , 2398.4158385317214     , 2398.4158385317214     , 0.00    , 8.881784197001252e-14  , 8.881784197001252e-14  , 0.00    , 54   , 54   , 0
LSC1       , 0.0                    , 0.0                    , 0.00    , 20.59128159377724      , 20.59128159377724      , 0.00    , 117  , 117  , 0
LSC1LS     , 1094.4645070508968     , 1094.4645070508968     , 0.00    , 0.0                    , 0.0                    , 0.00    , 1500 , 1500 , 3
LSC2       , 0.0                    , 0.0                    , 0.00    , 1.857929600868374      , 1.857929600868374      , 0.00    , 146  , 146  , 0
LSC2LS     , 16.023713142592644     , 16.023713142592644     , 0.00    , 0.0                    , 0.0                    , 0.00    , 1500 , 1500 , 3
LSNNODOC   , 123.11244879144516     , 123.11244879144516     , 0.00    , 3.5527136788005e-16    , 3.5527136788005e-16    , 0.00    , 33   , 33   , 0
LSQFIT     , 0.03378698787879743    , 0.03378698787879743    , 0.00    , 0.0                    , 0.0                    , 0.00    , 42   , 42   , 0
MADSEN     , 0.6164324350721612     , 0.6164324350721612     , 0.00    , 1.8759100939291784e-09 , 1.8759100939291784e-09 , 0.00    , 77   , 77   , 0
MAKELA1    , -1.4142135675748042    , -1.4142135675748042    , -0.00   , 7.500361887124996e-09  , 7.500361887124996e-09  , 0.00    , 89   , 89   , 0
MAKELA2    , 7.199999994045252      , 7.199999994045252      , 0.00    , 7.500004173266461e-09  , 7.500004173266461e-09  , 0.00    , 90   , 90   , 0
MARATOS    , -1.000000001792786     , -1.000000001792786     , -0.00   , 7.499750078721651e-09  , 7.499750078721651e-09  , 0.00    , 55   , 55   , 0
MARATOSB   , 1.0000001135252934     , 1.0000001135252934     , 0.00    , 0.0                    , 0.0                    , 0.00    , 46   , 46   , 0
MATRIX2    , 2.824534071388212e-13  , 2.824534071388212e-13  , 0.00    , 3.37038528586148e-13   , 3.37038528586148e-13   , 0.00    , 137  , 137  , 0
MAXLIKA    , 1149.311907396927      , 1149.311907396927      , 0.00    , 0.0                    , 0.0                    , 0.00    , 4000 , 4000 , 3
MCONCON    , -6230.795547690415     , -6230.795547690415     , -0.00   , 3.049235739382165e-09  , 3.049235739382165e-09  , 0.00    , 1937 , 1937 , 0
MDHOLE     , 5.78546146501778       , 5.78546146501778       , 0.00    , 0.0                    , 0.0                    , 0.00    , 1000 , 1000 , 3
MEXHAT     , 0.1676149182987266     , 0.1676149182987266     , 0.00    , 0.0                    , 0.0                    , 0.00    , 1000 , 1000 , 3
MEYER3     , 7081469.356952106      , 7081469.356952106      , 0.00    , 0.0                    , 0.0                    , 0.00    , 95   , 95   , 0
MEYER3NE   , 0.0                    , 0.0                    , 0.00    , 33.91330594086685      , 33.91330594086685      , 0.00    , 1500 , 1500 , 3
MGH09      , 0.0                    , 0.0                    , 0.00    , 0.01381740054783101    , 0.01381740054783101    , 0.00    , 2000 , 2000 , 3
MGH09LS    , 0.006827816057483676   , 0.006827816057483676   , 0.00    , 0.0                    , 0.0                    , 0.00    , 2000 , 2000 , 3
MGH10      , 0.0                    , 0.0                    , 0.00    , 15434.52601255495      , 15434.52601255495      , 0.00    , 1500 , 1500 , 3
MGH10LS    , 1366860257.1510346     , 1366860257.1510346     , 0.00    , 0.0                    , 0.0                    , 0.00    , 51   , 51   , 0
MGH10S     , 0.0                    , 0.0                    , 0.00    , 44.592726115468395     , 44.592726115468395     , 0.00    , 1500 , 1500 , 3
MGH17      , 0.0                    , 0.0                    , 0.00    , 0.26499999969053323    , 0.26499999969053323    , 0.00    , 54   , 54   , 0
MGH17LS    , 1.10603621877387       , 1.106036218821421      , 0.00    , 0.0                    , 0.0                    , 0.00    , 256  , 272  , 0
MGH17S     , 0.0                    , 0.0                    , 0.00    , 0.26499999911643746    , 0.26499999911643746    , 0.00    , 55   , 55   , 0
MIFFLIN1   , -1.000000000757027     , -1.000000000757027     , -0.00   , 1.8749380273534917e-09 , 1.8749380273534917e-09 , 0.00    , 76   , 76   , 0
MIFFLIN2   , -1.0000000007777747    , -1.0000000007777747    , -0.00   , 7.031732753291723e-09  , 7.031732753291723e-09  , 0.00    , 86   , 86   , 0
MINMAXBD   , 822.559                , 822.559                , 0.00    , 0.0                    , 0.0                    , 0.00    , 2500 , 2500 , 3
MINMAXRB   , 1.3877787807814457e-17 , 1.3877787807814457e-17 , 0.00    , 0.0                    , 0.0                    , 0.00    , 28   , 28   , 0
MISRA1A    , 0.0                    , 0.0                    , 0.00    , 0.12611092265660773    , 0.12611092265660773    , 0.00    , 91   , 91   , 0
MISRA1ALS  , 19.594518355352196     , 19.59761475637583      , 0.02    , 0.0                    , 0.0                    , 0.00    , 39   , 31   , 0
MISRA1B    , 0.0                    , 0.0                    , 0.00    , 0.09916875803321545    , 0.09916875803321545    , 0.00    , 101  , 101  , 0
MISRA1BLS  , 7.424831134022499      , 7.424831134022499      , 0.00    , 0.0                    , 0.0                    , 0.00    , 35   , 35   , 0
MISRA1C    , 0.0                    , 0.0                    , 0.00    , 0.07504991856126253    , 0.07504991856126253    , 0.00    , 97   , 97   , 0
MISRA1CLS  , 4.692559563212987      , 4.692559563212987      , 0.00    , 0.0                    , 0.0                    , 0.00    , 38   , 38   , 0
MISRA1D    , 0.0                    , 0.0                    , 0.00    , 0.0857960329662717     , 0.0857960329662717     , 0.00    , 96   , 96   , 0
MISTAKE    , -1.0000000026471214    , -1.0000000026471214    , -0.00   , 1.1817140488368238e-08 , 1.1817140488368238e-08 , 0.00    , 172  , 172  , 0
MOREBVNE   , 0.0                    , 0.0                    , 0.00    , 1.2981837047421567e-12 , 1.2981837047421567e-12 , 0.00    , 52   , 52   , 0
MWRIGHT    , 24.97880953861595      , 24.97880953861595      , 0.00    , 8.56517079483865e-11   , 8.56517079483865e-11   , 0.00    , 152  , 152  , 0
NELSON     , 0.0                    , 0.0                    , 0.00    , 0.5181181494376179     , 0.5181181494376179     , 0.00    , 1500 , 1500 , 3
NELSONLS   , 55.78451654625992      , 55.78451654625992      , 0.00    , 0.0                    , 0.0                    , 0.00    , 485  , 485  , 0
NYSTROM5   , 0.0                    , 0.0                    , 0.00    , 0.009115798666323283   , 0.009115798666323283   , 0.00    , 7500 , 7500 , 3
ODFITS     , -2326.5550699033583    , -2326.5550699033583    , -0.00   , 0.0                    , 0.0                    , 0.00    , 69   , 69   , 0
OET1       , 0.5382431193122431     , 0.5382431193122431     , 0.00    , 4.440892098500626e-16  , 4.440892098500626e-16  , 0.00    , 17   , 17   , 0
OET2       , 0.08715963585435173    , 0.08715963585435173    , 0.00    , 1.7763568394002505e-15 , 1.7763568394002505e-15 , 0.00    , 24   , 24   , 0
OET3       , 0.004505052872585095   , 0.004505052872585095   , 0.00    , 1.1102230246251565e-16 , 1.1102230246251565e-16 , 0.00    , 29   , 29   , 0
OET4       , 0.004295429673128485   , 0.004295429673128485   , 0.00    , 2.983613356377646e-11  , 2.983613356377646e-11  , 0.00    , 35   , 35   , 0
OET5       , 0.002650086531749752   , 0.002650086531749752   , 0.00    , 2.5552893134772603e-12 , 2.5552893134772603e-12 , 0.00    , 1338 , 1338 , 0
OET6       , 0.002069732885596081   , 0.002069732885596081   , 0.00    , 1.017661510616108e-08  , 1.017661510616108e-08  , 0.00    , 353  , 353  , 0
OET7       , 0.00028748986861539823 , 0.00028748986861539823 , 0.00    , 1.0456152610416325e-10 , 1.0456152610416325e-10 , 0.00    , 3500 , 3500 , 3
OSBORNE1   , 0.0                    , 0.0                    , 0.00    , 0.0027817898858990553  , 0.0027817898858990553  , 0.00    , 61   , 61   , 0
OSBORNE2   , 0.0                    , 0.0                    , 0.00    , 0.04802741461997104    , 0.04802741461997104    , 0.00    , 5500 , 5500 , 3
OSBORNEA   , 0.005033019604934856   , 0.005033019604934856   , 0.00    , 0.0                    , 0.0                    , 0.00    , 2500 , 2500 , 3
OSBORNEB   , 0.24818291862716213    , 0.24818291862716213    , 0.00    , 0.0                    , 0.0                    , 0.00    , 5500 , 5500 , 3
OSCIPANE   , 0.0                    , 0.0                    , 0.00    , 0.9996566894137592     , 0.9996566894137592     , 0.00    , 604  , 604  , 0
OSLBQP     , 6.250000000000002      , 6.250000000000002      , 0.00    , 1.1648144326692191e-21 , 1.1648144326692191e-21 , 0.00    , 113  , 113  , 0
PALMER1    , 18443.017565442216     , 18443.017565442216     , 0.00    , 0.0                    , 0.0                    , 0.00    , 2000 , 2000 , 3
PALMER1A   , 15600.394338629283     , 15600.394338629283     , 0.00    , 0.0                    , 0.0                    , 0.00    , 3000 , 3000 , 3
PALMER1B   , 20831.199562653826     , 20831.199562653826     , 0.00    , 0.0                    , 0.0                    , 0.00    , 2000 , 2000 , 3
PALMER1C   , 40203.26503158763      , 40203.26503158763      , 0.00    , 0.0                    , 0.0                    , 0.00    , 4000 , 4000 , 3
PALMER1D   , 39007.768412673526     , 39007.768412673526     , 0.00    , 0.0                    , 0.0                    , 0.00    , 3500 , 3500 , 3
PALMER1E   , 32006.1764699275       , 32006.1764699275       , 0.00    , 0.0                    , 0.0                    , 0.00    , 4000 , 4000 , 3
PALMER2    , 3736.4326483396276     , 3736.4326483396276     , 0.00    , 0.0                    , 0.0                    , 0.00    , 2000 , 2000 , 3
PALMER2A   , 216.55650767675104     , 216.55650767675104     , 0.00    , 0.0                    , 0.0                    , 0.00    , 3000 , 3000 , 3
PALMER2B   , 1097.5855717736188     , 1097.5855717736188     , 0.00    , 0.0                    , 0.0                    , 0.00    , 2000 , 2000 , 3
PALMER2C   , 1414.0819761003331     , 1414.0819761003331     , 0.00    , 0.0                    , 0.0                    , 0.00    , 4000 , 4000 , 3
PALMER2E   , 624.4537853833527      , 624.4537853833527      , 0.00    , 0.0                    , 0.0                    , 0.00    , 4000 , 4000 , 3
PALMER3    , 2416.980526876446      , 2416.980526876446      , 0.00    , 1.4216134175728932e-08 , 1.4216134175728932e-08 , 0.00    , 286  , 286  , 0
PALMER3A   , 60.66394582450659      , 60.66394582450659      , 0.00    , 0.0                    , 0.0                    , 0.00    , 3000 , 3000 , 3
PALMER3B   , 324.6120596974852      , 324.6120596974852      , 0.00    , 0.0                    , 0.0                    , 0.00    , 2000 , 2000 , 3
PALMER3C   , 288.33548019188027     , 288.33548019188027     , 0.00    , 0.0                    , 0.0                    , 0.00    , 4000 , 4000 , 3
PALMER3E   , 133.58010762749961     , 133.58010762749961     , 0.00    , 0.0                    , 0.0                    , 0.00    , 4000 , 4000 , 3
PALMER4    , 2424.0165667957262     , 2424.0165667957262     , 0.00    , 0.0                    , 0.0                    , 0.00    , 83   , 83   , 0
PALMER4A   , 69.94907244177588      , 69.94907244177588      , 0.00    , 0.0                    , 0.0                    , 0.00    , 3000 , 3000 , 3
PALMER4B   , 320.8542339362576      , 320.8542339362576      , 0.00    , 0.0                    , 0.0                    , 0.00    , 2000 , 2000 , 3
PALMER4C   , 275.345708419572       , 275.345708419572       , 0.00    , 0.0                    , 0.0                    , 0.00    , 4000 , 4000 , 3
PALMER4E   , 126.56418046055174     , 126.56418046055174     , 0.00    , 0.0                    , 0.0                    , 0.00    , 4000 , 4000 , 3
PALMER5A   , 7354.655360384113      , 7354.655360384113      , 0.00    , 0.0                    , 0.0                    , 0.00    , 4000 , 4000 , 3
PALMER5B   , 4984.588036742078      , 4984.588036742078      , 0.00    , 0.0                    , 0.0                    , 0.00    , 4500 , 4500 , 3
PALMER5C   , 2.1280866434670838     , 2.1280866434670838     , 0.00    , 0.0                    , 0.0                    , 0.00    , 390  , 390  , 0
PALMER5D   , 494.82619226725996     , 494.82619226725996     , 0.00    , 0.0                    , 0.0                    , 0.00    , 2000 , 2000 , 3
PALMER5E   , 0.44915062905389014    , 0.44915062905389014    , 0.00    , 0.0                    , 0.0                    , 0.00    , 4000 , 4000 , 3
PALMER6A   , 38.86788777259002      , 38.86788777259002      , 0.00    , 0.0                    , 0.0                    , 0.00    , 3000 , 3000 , 3
PALMER6C   , 194.82556096879847     , 194.82556096879847     , 0.00    , 0.0                    , 0.0                    , 0.00    , 4000 , 4000 , 3
PALMER6E   , 27.450616340567958     , 27.450616340567958     , 0.00    , 0.0                    , 0.0                    , 0.00    , 4000 , 4000 , 3
PALMER7A   , 43.6870422445713       , 43.6870422445713       , 0.00    , 0.0                    , 0.0                    , 0.00    , 3000 , 3000 , 3
PALMER7C   , 308.68548819097856     , 308.68548819097856     , 0.00    , 0.0                    , 0.0                    , 0.00    , 4000 , 4000 , 3
PALMER7E   , 72.9445616450166       , 72.9445616450166       , 0.00    , 0.0                    , 0.0                    , 0.00    , 4000 , 4000 , 3
PALMER8A   , 5.952976187477223      , 5.952976187477223      , 0.00    , 0.0                    , 0.0                    , 0.00    , 3000 , 3000 , 3
PALMER8C   , 169.5560709630756      , 169.5560709630756      , 0.00    , 0.0                    , 0.0                    , 0.00    , 4000 , 4000 , 3
PALMER8E   , 32.75437813724635      , 32.75437813724635      , 0.00    , 0.0                    , 0.0                    , 0.00    , 4000 , 4000 , 3
PENLT1NE   , 0.0                    , 0.0                    , 0.00    , 8.418836638851758e-06  , 8.418836638851758e-06  , 0.00    , 94   , 94   , 0
PENLT2NE   , 0.0                    , 0.0                    , 0.00    , 7.2823335373348894e-06 , 7.2823335373348894e-06 , 0.00    , 70   , 70   , 0
PENTAGON   , 0.00014621320344806123 , 0.00014621320344806123 , 0.00    , 0.0                    , 0.0                    , 0.00    , 111  , 111  , 0
PFIT1      , 0.0                    , 0.0                    , 0.00    , 0.010135688459226522   , 0.010135688459226522   , 0.00    , 1500 , 1500 , 3
PFIT1LS    , 0.49063882182978624    , 0.49063882182978624    , 0.00    , 0.0                    , 0.0                    , 0.00    , 1500 , 1500 , 3
PFIT2      , 0.0                    , 0.0                    , 0.00    , 0.07109333000049922    , 0.07109333000049922    , 0.00    , 1500 , 1500 , 3
PFIT2LS    , 1.9681099460619362     , 1.9681099460619362     , 0.00    , 0.0                    , 0.0                    , 0.00    , 1500 , 1500 , 3
PFIT3      , 0.0                    , 0.0                    , 0.00    , 0.18183624871680237    , 0.18183624871680237    , 0.00    , 1500 , 1500 , 3
PFIT3LS    , 6.075516480019205      , 6.075516480019205      , 0.00    , 0.0                    , 0.0                    , 0.00    , 1500 , 1500 , 3
PFIT4      , 0.0                    , 0.0                    , 0.00    , 0.3209527455478849     , 0.3209527455478849     , 0.00    , 1500 , 1500 , 3
PFIT4LS    , 9.074886404378923      , 9.074886404378923      , 0.00    , 0.0                    , 0.0                    , 0.00    , 1500 , 1500 , 3
POLAK1     , 2.718281822381711      , 2.718281822381711      , 0.00    , 9.514375065577951e-09  , 9.514375065577951e-09  , 0.00    , 111  , 111  , 0
POLAK2     , 1.1                    , 1.1                    , 0.00    , 90.74478199714775      , 90.74478199714775      , 0.00    , 5500 , 5500 , 3
POLAK3     , -13.957712874480016    , -13.957712874480016    , -0.00   , 35.38340251034428      , 35.38340251034428      , 0.00    , 6000 , 6000 , 3
POLAK4     , 1.0464029452042218e-12 , 1.0464029452042218e-12 , 0.00    , 1.0619966233592089e-09 , 1.0619966233592089e-09 , 0.00    , 91   , 91   , 0
POLAK5     , 50.00000185704198      , 50.00000185704198      , 0.00    , 1.0514396464600395e-08 , 1.0514396464600395e-08 , 0.00    , 221  , 221  , 0
POLAK6     , 0.0                    , 0.0                    , 0.00    , 0.0                    , 0.0                    , 0.00    , 2500 , 2500 , 3
PORTFL1    , 0.02048627467571856    , 0.02048627467571856    , 0.00    , 6.896730776655354e-24  , 6.896730776655354e-24  , 0.00    , 590  , 590  , 0
PORTFL2    , 0.029689239853496228   , 0.029689239853496228   , 0.00    , 1.963841223876566e-23  , 1.963841223876566e-23  , 0.00    , 482  , 482  , 0
PORTFL3    , 0.032749709342919556   , 0.032749709342919556   , 0.00    , 1.1102230246251565e-16 , 1.1102230246251565e-16 , 0.00    , 608  , 608  , 0
PORTFL4    , 0.026306950934774496   , 0.026306950934774496   , 0.00    , 8.617170601441278e-23  , 8.617170601441278e-23  , 0.00    , 509  , 509  , 0
PORTFL6    , 0.02579179815375995    , 0.02579179815375995    , 0.00    , 4.3267716076655915e-09 , 4.3267716076655915e-09 , 0.00    , 517  , 517  , 0
POWELLBS   , 0.0                    , 0.0                    , 0.00    , 6.528252331078344e-17  , 6.528252331078344e-17  , 0.00    , 223  , 223  , 0
POWELLBSLS , 0.013862884415376104   , 0.013862884415376104   , 0.00    , 0.0                    , 0.0                    , 0.00    , 39   , 39   , 0
POWELLSE   , 0.0                    , 0.0                    , 0.00    , 8.593934603639937e-13  , 8.593934603639937e-13  , 0.00    , 79   , 79   , 0
POWELLSQ   , 0.0                    , 0.0                    , 0.00    , 5.16745778613073e-08   , 5.16745778613073e-08   , 0.00    , 1000 , 1000 , 3
PSPDOC     , 2.4142135528727406     , 2.4142135528727406     , 0.00    , 1.3446441404774134e-08 , 1.3446441404774134e-08 , 0.00    , 289  , 289  , 0
PT         , 0.1783942254303165     , 0.1783942254303165     , 0.00    , 0.0                    , 0.0                    , 0.00    , 9    , 9    , 0
QC         , -1060.8552344686261    , -1060.8552344686261    , -0.00   , 3.469446951953614e-18  , 3.469446951953614e-18  , 0.00    , 74   , 74   , 0
QCNEW      , -806.5218543888329     , -806.5218543888329     , -0.00   , 0.0                    , 0.0                    , 0.00    , 40   , 40   , 0
RAT42      , 0.0                    , 0.0                    , 0.00    , 1.4056861590851497     , 1.4056861590851497     , 0.00    , 130  , 130  , 0
RAT42LS    , 436.12590755906604     , 436.12590755906604     , 0.00    , 0.0                    , 0.0                    , 0.00    , 1500 , 1500 , 3
RAT43      , 0.0                    , 0.0                    , 0.00    , 44.50658873254321      , 44.50658873254321      , 0.00    , 133  , 133  , 0
RAT43LS    , 1076461.5963733331     , 1076461.5963733331     , 0.00    , 0.0                    , 0.0                    , 0.00    , 108  , 108  , 0
RECIPE     , 0.0                    , 0.0                    , 0.00    , 4.67160976445029e-13   , 4.67160976445029e-13   , 0.00    , 58   , 58   , 0
RES        , 0.0                    , 0.0                    , 0.00    , 9.2459e-15             , 9.2459e-15             , 0.00    , 81   , 81   , 0
RK23       , 0.08333333419174745    , 0.08333333419174745    , 0.00    , 3.902116518794685e-09  , 3.902116518794685e-09  , 0.00    , 193  , 193  , 0
ROBOT      , 5.462841228149146      , 5.462841228149146      , 0.00    , 1.0925704785336166e-12 , 1.0925704785336166e-12 , 0.00    , 535  , 535  , 0
ROSENBR    , 0.023671603917145376   , 0.023671603917145376   , 0.00    , 0.0                    , 0.0                    , 0.00    , 1000 , 1000 , 3
ROSENBRTU  , 0.8433245168607838     , 0.8433245168607838     , 0.00    , 0.0                    , 0.0                    , 0.00    , 1000 , 1000 , 3
ROSENMMX   , -0.998907700384006     , -0.998907700384006     , -0.00   , 0.0                    , 0.0                    , 0.00    , 2500 , 2500 , 3
ROSZMAN1   , 0.0                    , 0.0                    , 0.00    , 0.00888433166743352    , 0.00888433166743352    , 0.00    , 69   , 69   , 0
ROSZMAN1LS , 0.41512040528979666    , 0.41512040528979666    , 0.00    , 0.0                    , 0.0                    , 0.00    , 51   , 51   , 0
RSNBRNE    , 0.0                    , 0.0                    , 0.00    , 7.650102773482104e-11  , 7.650102773482104e-11  , 0.00    , 35   , 35   , 0
S268       , 2.2139807428320637     , 2.2139807428320637     , 0.00    , 0.0                    , 0.0                    , 0.00    , 2500 , 2500 , 3
S277-280   , 5.076190464000009      , 5.076190464000009      , 0.00    , 4.440892098500626e-16  , 4.440892098500626e-16  , 0.00    , 18   , 18   , 0
S308       , 0.7731990564935545     , 0.7731990564935545     , 0.00    , 0.0                    , 0.0                    , 0.00    , 54   , 54   , 0
S316-322   , 334.3145739470576      , 334.3145739470576      , 0.00    , 7.497877911182753e-09  , 7.497877911182753e-09  , 0.00    , 73   , 73   , 0
S365       , 2.677576711495538e-47  , 2.677576711495538e-47  , 0.00    , 2.791701907839698e-08  , 2.791701907839698e-08  , 0.00    , 106  , 106  , 0
S365MOD    , 0.030112242107272882   , 0.030112242107272882   , 0.00    , 0.3264712066910137     , 0.3264712066910137     , 0.00    , 280  , 280  , 0
S368       , -0.9999999999994998    , -0.9999999999994998    , -0.00   , 0.0                    , 0.0                    , 0.00    , 164  , 164  , 0
SIM2BQP    , 0.0                    , 0.0                    , 0.00    , 0.0                    , 0.0                    , 0.00    , 6    , 6    , 0
SIMBQP     , 1.3438991662011304e-14 , 1.3438991662011304e-14 , 0.00    , 3.3881317890172016e-26 , 3.3881317890172016e-26 , 0.00    , 54   , 54   , 0
SIMPLLPA   , 1.0                    , 1.0                    , 0.00    , 0.0                    , 0.0                    , 0.00    , 10   , 10   , 0
SIMPLLPB   , 1.1                    , 1.1                    , 0.00    , 0.0                    , 0.0                    , 0.00    , 10   , 10   , 0
SINEVAL    , 3.2647123588530964     , 3.2647123588530964     , 0.00    , 0.0                    , 0.0                    , 0.00    , 1000 , 1000 , 3
SINVALNE   , 0.0                    , 0.0                    , 0.00    , 3.490104628134213e-17  , 3.490104628134213e-17  , 0.00    , 47   , 47   , 0
SIPOW1     , -1.0                   , -1.0                   , -0.00   , 0.0                    , 0.0                    , 0.00    , 12   , 12   , 0
SIPOW1M    , -1.0000012427663338    , -1.0000012427663338    , -0.00   , 9.550077395559242e-09  , 9.550077395559242e-09  , 0.00    , 14   , 14   , 0
SIPOW2     , -1.0000000000572606    , -1.0000000000572606    , -0.00   , 5.726064067346215e-11  , 5.726064067346215e-11  , 0.00    , 19   , 19   , 0
SIPOW2M    , -1.0000049350243543    , -1.0000049350243543    , -0.00   , 0.0                    , 0.0                    , 0.00    , 12   , 12   , 0
SIPOW3     , 0.5346586469505029     , 0.5346586469505029     , 0.00    , 0.0                    , 0.0                    , 0.00    , 84   , 84   , 0
SIPOW4     , 0.2723619987436327     , 0.2723619987436327     , 0.00    , 2.7755575615628914e-17 , 2.7755575615628914e-17 , 0.00    , 19   , 19   , 0
SISSER     , 6.441637708678534e-25  , 6.441637708678534e-25  , 0.00    , 0.0                    , 0.0                    , 0.00    , 46   , 46   , 0
SNAIL      , 12.471594860861538     , 12.471594860861538     , 0.00    , 0.0                    , 0.0                    , 0.00    , 1000 , 1000 , 3
SNAKE      , -0.0002476431675960226 , -0.0002476431675960226 , -0.00   , 1.2383349687035763e-08 , 1.2383349687035763e-08 , 0.00    , 20   , 20   , 0
SPECAN     , 0.0039237972095049626  , 0.0039237972095049626  , 0.00    , 0.0                    , 0.0                    , 0.00    , 4500 , 4500 , 3
SPIRAL     , 0.10584524024726766    , 0.10584524024726766    , 0.00    , 5.068222347315378e-09  , 5.068222347315378e-09  , 0.00    , 1500 , 1500 , 3
SSI        , 0.033284982807277104   , 0.033284982807277104   , 0.00    , 0.0                    , 0.0                    , 0.00    , 1500 , 1500 , 3
SSINE      , 0.0                    , 0.0                    , 0.00    , 0.021347340220382406   , 0.021347340220382406   , 0.00    , 1500 , 1500 , 3
STANCMIN   , 4.250000000210743      , 4.250000000210743      , 0.00    , 0.0                    , 0.0                    , 0.00    , 20   , 20   , 0
STRATEC    , 2490.761190691184      , 2490.761190691184      , 0.00    , 0.0                    , 0.0                    , 0.00    , 5000 , 5000 , 3
STREG      , 9.999999995363072e+19  , 9.999999995363072e+19  , 0.00    , 0.0                    , 0.0                    , 0.00    , 2000 , 2000 , 3
SUPERSIM   , 0.666666666666667      , 0.666666666666667      , 0.00    , 4.440892098500626e-16  , 4.440892098500626e-16  , 0.00    , 9    , 9    , 0
SYNTHES1   , 0.7592843899078733     , 0.7592843899078733     , 0.00    , 1.5805184461629874e-09 , 1.5805184461629874e-09 , 0.00    , 111  , 111  , 0
SYNTHES2   , -0.5544053305120915    , -0.5544053305120915    , -0.00   , 0.0                    , 0.0                    , 0.00    , 80   , 80   , 0
SYNTHES3   , 15.082190858604376     , 15.082190858604376     , 0.00    , 1.7763568394002505e-15 , 1.7763568394002505e-15 , 0.00    , 313  , 313  , 0
TAME       , 0.0                    , 0.0                    , 0.00    , 2.220446049250313e-16  , 2.220446049250313e-16  , 0.00    , 26   , 26   , 0
TENBARS1   , -30.27643654696821     , -30.27643654696821     , -0.00   , 1.971241986244479      , 1.971241986244479      , 0.00    , 9000 , 9000 , 3
TENBARS2   , -30.27643654696821     , -30.27643654696821     , -0.00   , 1.971241986244479      , 1.971241986244479      , 0.00    , 9000 , 9000 , 3
TENBARS3   , -30.27643654696821     , -30.27643654696821     , -0.00   , 1.971241986244479      , 1.971241986244479      , 0.00    , 9000 , 9000 , 3
TENBARS4   , -30.27643654696821     , -30.27643654696821     , -0.00   , 1.971241986244479      , 1.971241986244479      , 0.00    , 9000 , 9000 , 3
TFI1       , 5.334687277792823      , 5.334687277792823      , 0.00    , 6.445452171988109e-09  , 6.445452171988109e-09  , 0.00    , 102  , 102  , 0
TFI2       , 0.6490311069639091     , 0.6490311069639091     , 0.00    , 0.0                    , 0.0                    , 0.00    , 20   , 20   , 0
TFI3       , 4.301460324843021      , 4.301460324843021      , 0.00    , 4.440892098500626e-16  , 4.440892098500626e-16  , 0.00    , 15   , 15   , 0
THURBER    , 0.0                    , 0.0                    , 0.00    , 25.841769135611926     , 25.841769135611926     , 0.00    , 564  , 564  , 0
THURBERLS  , 987328.4838581729      , 987328.4838581729      , 0.00    , 0.0                    , 0.0                    , 0.00    , 3500 , 3500 , 3
TRIGGER    , 0.0                    , 0.0                    , 0.00    , 2.2196773986182805e-05 , 2.2196773986182805e-05 , 0.00    , 3000 , 3000 , 3
TRUSPYR1   , 7.454658583092079      , 7.454658583092079      , 0.00    , 0.1881985762808833     , 0.1881985762808833     , 0.00    , 5500 , 5500 , 3
TRUSPYR2   , 6.753418297288706      , 6.753418297288706      , 0.00    , 0.09168702114595399    , 0.09168702114595399    , 0.00    , 5500 , 5500 , 3
TRY-B      , 3.11913289067379e-14   , 3.11913289067379e-14   , 0.00    , 1.9994006450474444e-12 , 1.9994006450474444e-12 , 0.00    , 65   , 65   , 0
TWOBARS    , 1.5086524132762278     , 1.5086524132762278     , 0.00    , 2.951234812030176e-09  , 2.951234812030176e-09  , 0.00    , 64   , 64   , 0
VARDIMNE   , 0.0                    , 0.0                    , 0.00    , 7.194245199571014e-14  , 7.194245199571014e-14  , 0.00    , 73   , 73   , 0
VESUVIA    , 0.0                    , 0.0                    , 0.00    , 5.962644060006011      , 5.962644060006011      , 0.00    , 85   , 85   , 0
VESUVIALS  , 3339.6088704845483     , 3339.6088704845483     , 0.00    , 0.0                    , 0.0                    , 0.00    , 89   , 89   , 0
VESUVIO    , 0.0                    , 0.0                    , 0.00    , 4.911922067299593      , 4.911922067299593      , 0.00    , 949  , 949  , 0
VESUVIOLS  , 1670.5690849716018     , 1670.5690849716018     , 0.00    , 0.0                    , 0.0                    , 0.00    , 90   , 90   , 0
VESUVIOU   , 0.0                    , 0.0                    , 0.00    , 0.10794024944868219    , 0.10794024944868219    , 0.00    , 556  , 556  , 0
VESUVIOULS , 0.8125893016985668     , 0.8125893016985668     , 0.00    , 0.0                    , 0.0                    , 0.00    , 84   , 84   , 0
VIBRBEAM   , 883.0536358071324      , 883.0536358071324      , 0.00    , 0.0                    , 0.0                    , 0.00    , 84   , 84   , 0
WACHBIEG   , -0.3660254041058419    , -0.3660254041058419    , -0.00   , 0.433012702052921      , 0.433012702052921      , 0.00    , 19   , 19   , 0
WATSON     , 0.0019153769553988131  , 0.0019153769553988131  , 0.00    , 0.0                    , 0.0                    , 0.00    , 6000 , 6000 , 3
WATSONNE   , 0.0                    , 0.0                    , 0.00    , 1.3069017312794529e-08 , 1.3069017312794529e-08 , 0.00    , 80   , 80   , 0
WEEDS      , 3594.8319670977385     , 3594.8319670977385     , 0.00    , 0.0                    , 0.0                    , 0.00    , 1500 , 1500 , 3
WOMFLET    , -9.340380260941673e-23 , -9.340380260941673e-23 , -0.00   , 4.014742031637235e-12  , 4.014742031637235e-12  , 0.00    , 89   , 89   , 0
YFIT       , 172.24970628060524     , 172.24970628060524     , 0.00    , 0.0                    , 0.0                    , 0.00    , 1500 , 1500 , 3
YFITNE     , 0.0                    , 0.0                    , 0.00    , 4.066709813344005e-07  , 4.066709813344005e-07  , 0.00    , 121  , 121  , 0
YFITU      , 172.24970628060524     , 172.24970628060524     , 0.00    , 0.0                    , 0.0                    , 0.00    , 1500 , 1500 , 3
ZANGWIL2   , -18.200000009100002    , -18.200000009100002    , -0.00   , 0.0                    , 0.0                    , 0.00    , 34   , 34   , 0
ZANGWIL3   , 0.0                    , 0.0                    , 0.00    , 5.0182080713057076e-14 , 5.0182080713057076e-14 , 0.00    , 13   , 13   , 0
ZECEVIC2   , -4.124999999999986     , -4.124999999999986     , -0.00   , 0.0                    , 0.0                    , 0.00    , 43   , 43   , 0
ZECEVIC3   , 97.30945013022745      , 97.30945013022745      , 0.00    , 1.874998600825961e-09  , 1.874998600825961e-09  , 0.00    , 64   , 64   , 0
ZECEVIC4   , 7.557507768853459      , 7.557507768853459      , 0.00    , 6.079403647163417e-11  , 6.079403647163417e-11  , 0.00    , 47   , 47   , 0
ZY2        , 2.0000000000023004     , 2.0000000000023004     , 0.00    , 0.0                    , 0.0                    , 0.00    , 18   , 18   , 0
